circ_id,circonscription,nb_bv,inscrits,votants,taux_participation,bulletins_nuls,suffrages_exprimes,bulletins_blancs,bulletins_blancs_pct,source_page,source_pages,region,circonscription_key,region_key,nb_candidatures
001,"ABOUDE, ATTOBROU, GUESSIGUIE, GRAND-MORIÉ, LOVIGUIE, ORESS-KROBOU, COMMUNES ET SOUS-PRÉFECTURES, AGBOVILLE SOUS-PRÉFECTURE",144,52106,14070,27.0,388,13682,76,0.56,1,1,AGNEBY-TIASSA,ABOUDE ATTOBROU GUESSIGUIE GRAND MORIE LOVIGUIE ORESS KROBOU COMMUNES ET SOUS PREFECTURES AGBOVILLE SOUS PREFECTURE,AGNEBY TIASSA,8
002,AGBOVILLE COMMUNE,133,48710,12821,26.32,317,12504,81,0.65,1,1,AGNEBY-TIASSA,AGBOVILLE COMMUNE,AGNEBY TIASSA,6
003,AZAGUIE COMMUNE ET SOUS-PREFECTURE,44,15515,5174,33.35,73,5101,24,0.47,1,1,AGNEBY-TIASSA,AZAGUIE COMMUNE ET SOUS PREFECTURE,AGNEBY TIASSA,8
004,"ANANGUIE, CECHI ET RUBINO, COMMUNES ET SOUS-PREFECTURES",72,23466,7650,32.6,241,7409,49,0.66,1,1,AGNEBY-TIASSA,ANANGUIE CECHI ET RUBINO COMMUNES ET SOUS PREFECTURES,AGNEBY TIASSA,10
005,"GOMON ET SIKENSI, COMMUNES ET SOUS-PREFECTURES",102,37720,10768,28.55,347,10421,134,1.29,2,2,AGNEBY-TIASSA,GOMON ET SIKENSI COMMUNES ET SOUS PREFECTURES,AGNEBY TIASSA,9
006,"GBOLOUVILLE ET N'DOUCI, COMMUNES ET SOUS-PREFECTURES",94,31758,9221,29.04,283,8938,72,0.81,2,2,AGNEBY-TIASSA,GBOLOUVILLE ET N DOUCI COMMUNES ET SOUS PREFECTURES,AGNEBY TIASSA,8
007,"MOROKRO ET TIASSALE, COMMUNES ET SOUS-PREFECTURES",123,39362,16841,42.78,518,16323,118,0.72,2,2,AGNEBY-TIASSA,MOROKRO ET TIASSALE COMMUNES ET SOUS PREFECTURES,AGNEBY TIASSA,3
008,"PACOBO ET TAABO, COMMUNES ET SOUS-PREFECTURES",68,23159,7576,32.71,399,7177,64,0.89,2,2,AGNEBY-TIASSA,PACOBO ET TAABO COMMUNES ET SOUS PREFECTURES,AGNEBY TIASSA,8
009,"BOOKO, BOROTOU, MAHANDOUGOU ET NIOKOSSO, COMMUNES ET SOUS-PREFECTURES",77,17626,11919,67.62,59,11860,158,1.33,3,3,BAFING,BOOKO BOROTOU MAHANDOUGOU ET NIOKOSSO COMMUNES ET SOUS PREFECTURES,BAFING,3
010,"KORO, COMMUNE ET SOUS-PREFECTURE",42,13092,6583,50.28,117,6466,74,1.14,3,3,BAFING,KORO COMMUNE ET SOUS PREFECTURE,BAFING,2
011,"GBELO, GOUEKAN, KOONAN, OUANINOU, SABOUDOUGOU ET SANTA, COMMUNES ET SOUS-PREFECTURES",106,25316,15353,60.65,215,15138,208,1.37,3,3,BAFING,GBELO GOUEKAN KOONAN OUANINOU SABOUDOUGOU ET SANTA COMMUNES ET SOUS PREFECTURES,BAFING,5
012,"DIOMAN, FOUNGBESSO ET GUINTEGUELA, COMMUNES ET SOUS-PREFECTURES, TOUBA, SOUS PREFECTURE",96,21299,13342,62.64,196,13146,141,1.07,3,3,BAFING,DIOMAN FOUNGBESSO ET GUINTEGUELA COMMUNES ET SOUS PREFECTURES TOUBA SOUS PREFECTURE,BAFING,6
013,"TOUBA, COMMUNE",47,14962,7151,47.79,54,7097,75,1.06,3,3,BAFING,TOUBA COMMUNE,BAFING,2
014,"BAYA, KASSERE ET SIEMPURGO, COMMUNES ET SOUS-PREFECTURES",63,19315,12802,66.28,330,12472,204,1.64,3,3,BAGOUE,BAYA KASSERE ET SIEMPURGO COMMUNES ET SOUS PREFECTURES,BAGOUE,4
015,"BOUNDIALI ET GANAONI, COMMUNES ET SOUS-PREFECTURES",106,36892,36846,99.88,0,36846,0,0.0,3,3,BAGOUE,BOUNDIALI ET GANAONI COMMUNES ET SOUS PREFECTURES,BAGOUE,1
016,"BLESSEGUE ET KOUTO, COMMUNES ET SOUS-PREFECTURES",59,19903,11808,59.33,70,11738,215,1.83,3,3,BAGOUE,BLESSEGUE ET KOUTO COMMUNES ET SOUS PREFECTURES,BAGOUE,2
017,"GBON, KOLIA ET SIANHALA, COMMUNES ET SOUS-PREFECTURES",88,31360,20373,64.96,183,20190,378,1.87,3,3,BAGOUE,GBON KOLIA ET SIANHALA COMMUNES ET SOUS PREFECTURES,BAGOUE,3
018,"DEBETE, KANAKONO, PAPARA ET TENGRELA, COMMUNES ET SOUS-PREFECTURES",109,36904,22247,60.28,221,22026,197,0.89,3,3,BAGOUE,DEBETE KANAKONO PAPARA ET TENGRELA COMMUNES ET SOUS PREFECTURES,BAGOUE,4
019,"BOLI, DIDIEVI, MOLONOU-BLE ET TIE-N'DIEKRO, COMMUNES ET SOUS-PREFECTURES",129,36304,11536,31.78,421,11115,138,1.24,4,4,BELIER,BOLI DIDIEVI MOLONOU BLE ET TIE N DIEKRO COMMUNES ET SOUS PREFECTURES,BELIER,3
020,"LOMOKANKRO, MOLONOU, TLEBISSOU ET YAKPABO-SAKASSOU, COMMUNES ET SOUS-PREFECTURES",147,42781,14778,34.54,537,14241,134,0.94,4,4,BELIER,LOMOKANKRO MOLONOU TLEBISSOU ET YAKPABO SAKASSOU COMMUNES ET SOUS PREFECTURES,BELIER,6
021,"TOUMODI, COMMUNE",84,31946,9783,30.62,338,9445,57,0.6,4,4,BELIER,TOUMODI COMMUNE,BELIER,3
022,"ANGODA, BONIKRO, DJEKANOU, KPOUEBO, KOKUMBO, COMMUNES ET SOUS-PREFECTURES, TOUMODI, SOUS-PREFECTURE",139,43279,12775,29.52,556,12219,128,1.05,4,4,BELIER,ANGODA BONIKRO DJEKANOU KPOUEBO KOKUMBO COMMUNES ET SOUS PREFECTURES TOUMODI SOUS PREFECTURE,BELIER,7
023,"BOUANDOUGOU ET TIENINGBOUE, COMMUNES ET SOUS-PREFECTURES",95,25590,14752,57.65,187,14565,237,1.63,4,4,BERE,BOUANDOUGOU ET TIENINGBOUE COMMUNES ET SOUS PREFECTURES,BERE,3
024,"DIANRA ET DIARRA-VILLAGE, COMMUNES ET SOUS-PREFECTURES",88,26729,16599,62.1,291,16308,378,2.32,4,4,BERE,DIANRA ET DIARRA VILLAGE COMMUNES ET SOUS PREFECTURES,BERE,4
025,"MANKONO, COMMUNE ET SOUS-PREFECTURE",73,23860,12104,50.73,144,11960,138,1.15,4,4,BERE,MANKONO COMMUNE ET SOUS PREFECTURE,BERE,3
026,"MARANDALLAH ET SARHALA, COMMUNES ET SOUS-PREFECTURES",78,21935,11771,53.66,130,11641,195,1.68,4,4,BERE,MARANDALLAH ET SARHALA COMMUNES ET SOUS PREFECTURES,BERE,3
027,"KONGASSO ET KOUNAHIRI, COMMUNES ET SOUS-PREFECTURES",84,24391,10680,43.79,352,10328,224,2.17,4,4,BERE,KONGASSO ET KOUNAHIRI COMMUNES ET SOUS PREFECTURES,BERE,5
028,"BOUKO ET BOUNA, COMMUNES ET SOUS-PREFECTURES",89,26581,14195,53.4,169,14026,283,2.02,4,4,BERE,BOUKO ET BOUNA COMMUNES ET SOUS PREFECTURES,BERE,2
029,"ONDEFIDOUO ET YOUNDOUO, COMMUNES ET SOUS-PREFECTURES",43,11091,7346,66.23,99,7247,209,2.88,5,5,BOUNKANI,ONDEFIDOUO ET YOUNDOUO COMMUNES ET SOUS PREFECTURES,BOUNKANI,7
030,"DANOA, DOROPO, KALAMON ET NIAMOUE, COMMUNES ET SOUS-PREFECTURES",67,19827,10300,51.95,163,10137,328,3.24,5,5,BOUNKANI,DANOA DOROPO KALAMON ET NIAMOUE COMMUNES ET SOUS PREFECTURES,BOUNKANI,4
031,"BOGOFA, KAKPIN, KOUTOUBA, NASSIAN ET SOMINASSE, COMMUNES ET SOUS-PREFECTURES",76,21508,14236,66.19,266,13970,178,1.27,5,5,BOUNKANI,BOGOFA KAKPIN KOUTOUBA NASSIAN ET SOMINASSE COMMUNES ET SOUS PREFECTURES,BOUNKANI,5
032,"GOGO, TEHINI ET TOUGBO, COMMUNES ET SOUS-PREFECTURES",45,10547,5885,55.8,87,5798,160,2.76,5,5,BOUNKANI,GOGO TEHINI ET TOUGBO COMMUNES ET SOUS PREFECTURES,BOUNKANI,4
033,"BLOLEQUIN, DIBOKE, DOKE, TINHOU ET ZEAGLO, COMMUNES ET SOUS-PREFECTURES",115,34438,11735,34.08,558,11177,135,1.21,5,5,CAVALLY,BLOLEQUIN DIBOKE DOKE TINHOU ET ZEAGLO COMMUNES ET SOUS PREFECTURES,CAVALLY,3
034,"BEDY-GOAZON, KAADE ET NIZAHON, COMMUNES ET SOUS-PREFECTURES, GUIGLO, SOUS-PREFECTURE",58,16418,6438,39.21,189,6249,70,1.12,5,5,CAVALLY,BEDY GOAZON KAADE ET NIZAHON COMMUNES ET SOUS PREFECTURES GUIGLO SOUS PREFECTURE,CAVALLY,3
035,"GUIGLO, COMMUNE",95,35868,7312,20.39,252,7060,67,0.95,5,5,CAVALLY,GUIGLO COMMUNE,CAVALLY,7
036,"TAI ET ZAGNE, COMMUNES ET SOUS-PREFECTURES",67,23648,7238,30.61,250,6988,63,0.9,6,6,CAVALLY,TAI ET ZAGNE COMMUNES ET SOUS PREFECTURES,CAVALLY,6
037,"BAKOUBLI, MEO, NEZOBLY, PEHE, TIOBLY ET TOULEPLEU, COMMUNES ET SOUS-PREFECTURES",84,22722,11201,49.3,581,10620,115,1.08,6,6,CAVALLY,BAKOUBLI MEO NEZOBLY PEHE TIOBLY ET TOULEPLEU COMMUNES ET SOUS PREFECTURES,CAVALLY,4
038,"ABOBO, COMMUNE",1058,438021,107134,24.46,2055,105079,1214,1.16,6,6,DISTRICT AUTONOME D'ABIDJAN,ABOBO COMMUNE,DISTRICT AUTONOME D ABIDJAN,6
039,"ADJAME, COMMUNE",284,118995,14608,12.28,419,14189,148,1.04,6,6,DISTRICT AUTONOME D'ABIDJAN,ADJAME COMMUNE,DISTRICT AUTONOME D ABIDJAN,6
040,"ATTECOUBE, COMMUNE",250,103500,22760,21.99,382,22378,272,1.22,6,6,DISTRICT AUTONOME D'ABIDJAN,ATTECOUBE COMMUNE,DISTRICT AUTONOME D ABIDJAN,6
041,"COCODY, COMMUNE",667,279785,28279,10.11,501,27778,241,0.87,7,7,DISTRICT AUTONOME D'ABIDJAN,COCODY COMMUNE,DISTRICT AUTONOME D ABIDJAN,14
042,"KOUMASSI, COMMUNE",429,176954,33090,18.7,853,32237,328,1.02,7,7,DISTRICT AUTONOME D'ABIDJAN,KOUMASSI COMMUNE,DISTRICT AUTONOME D ABIDJAN,3
043,"MARCORY, COMMUNE",268,112183,26325,23.47,873,25452,197,0.77,7,7,DISTRICT AUTONOME D'ABIDJAN,MARCORY COMMUNE,DISTRICT AUTONOME D ABIDJAN,6
044,"PLATEAU, COMMUNE",228,97933,22944,23.43,998,21946,181,0.82,7,7,DISTRICT AUTONOME D'ABIDJAN,PLATEAU COMMUNE,DISTRICT AUTONOME D ABIDJAN,3
045,"PORT-BOUET, COMMUNE",352,145545,24959,17.15,994,23965,272,1.13,7,7,DISTRICT AUTONOME D'ABIDJAN,PORT BOUET COMMUNE,DISTRICT AUTONOME D ABIDJAN,8
046,"TREICHVILLE, COMMUNE",151,63505,10658,16.78,106,10552,64,0.61,8,8,DISTRICT AUTONOME D'ABIDJAN,TREICHVILLE COMMUNE,DISTRICT AUTONOME D ABIDJAN,7
047,"YOPOUGON, COMMUNE",1320,555901,73989,13.31,2055,71934,707,0.98,8,8,DISTRICT AUTONOME D'ABIDJAN,YOPOUGON COMMUNE,DISTRICT AUTONOME D ABIDJAN,6
048,"ANYAMA ET BROFODOUME, COMMUNES ET SOUS-PREFECTURES",279,107529,22823,21.22,597,22226,235,1.06,8,8,DISTRICT AUTONOME D'ABIDJAN,ANYAMA ET BROFODOUME COMMUNES ET SOUS PREFECTURES,DISTRICT AUTONOME D ABIDJAN,12
049,"BINGERVILLE, COMMUNE ET SOUS-PREFECTURE",180,68611,15096,22.0,224,14872,62,0.42,9,9,DISTRICT AUTONOME D'ABIDJAN,BINGERVILLE COMMUNE ET SOUS PREFECTURE,DISTRICT AUTONOME D ABIDJAN,10
050,"SONGON, COMMUNE ET SOUS-PREFECTURE",122,43864,33793,77.04,281,33512,193,0.58,9,9,DISTRICT AUTONOME D'ABIDJAN,SONGON COMMUNE ET SOUS PREFECTURE,DISTRICT AUTONOME D ABIDJAN,5
051,"ATIIEGOUAKRO ET LOLOBO, COMMUNES ET SOUS-PREFECTURES",61,22039,7804,35.41,219,7585,93,1.23,9,9,DISTRICT AUTONOME DE YAMOUSSOUKRO,ATIIEGOUAKRO ET LOLOBO COMMUNES ET SOUS PREFECTURES,DISTRICT AUTONOME DE YAMOUSSOUKRO,6
052,"KOSSOU, COMMUNE ET SOUS-PREFECTURE, YAMOUSSOUKRO, SOUS-PREFECTURE",62,19294,5120,26.54,174,4946,75,1.52,9,9,DISTRICT AUTONOME DE YAMOUSSOUKRO,KOSSOU COMMUNE ET SOUS PREFECTURE YAMOUSSOUKRO SOUS PREFECTURE,DISTRICT AUTONOME DE YAMOUSSOUKRO,13
053,"YAMOUSSOUKRO, COMMUNE",288,118151,36304,30.73,756,35548,327,0.92,10,10,DISTRICT AUTONOME DE YAMOUSSOUKRO,YAMOUSSOUKRO COMMUNE,DISTRICT AUTONOME DE YAMOUSSOUKRO,4
054,"GOULIA, TIENKO, MAHANDIANA-SOKOURANI ET KIMBIRILA-NORD, COMMUNES ET SOUS-PREFECTURES",98,30154,21695,71.95,296,21399,422,1.97,10,10,FOLON,GOULIA TIENKO MAHANDIANA SOKOURANI ET KIMBIRILA NORD COMMUNES ET SOUS PREFECTURES,FOLON,2
055,"KANIASSO, MINIGNAN ET SOKORO, COMMUNES ET SOUS-PREFECTURES",60,19524,12753,65.32,144,12609,121,0.96,10,10,FOLON,KANIASSO MINIGNAN ET SOKORO COMMUNES ET SOUS PREFECTURES,FOLON,5
056,"ANDO-KEKRENOU, BEOUMI ET KONDROBO, COMMUNES ET SOUS-PREFECTURES",129,39082,15791,40.4,718,15073,166,1.1,10,10,GBEKE,ANDO KEKRENOU BEOUMI ET KONDROBO COMMUNES ET SOUS PREFECTURES,GBEKE,7
057,"BODOKRO, LOLOBO ET N'GUESSANKRO, COMMUNES ET SOUS-PREFECTURES",76,20187,7420,36.76,236,7184,78,1.09,10,10,GBEKE,BODOKRO LOLOBO ET N GUESSANKRO COMMUNES ET SOUS PREFECTURES,GBEKE,5
058,"BOTRO ET KROFOINSOU, COMMUNES ET SOUS-PREFECTURES",64,15712,6698,42.63,231,6467,56,0.87,10,10,GBEKE,BOTRO ET KROFOINSOU COMMUNES ET SOUS PREFECTURES,GBEKE,6
059,"DIABO ET LANGUIBONOU, COMMUNES ET SOUS-PREFECTURES",108,27040,10747,39.74,363,10384,147,1.42,10,10,GBEKE,DIABO ET LANGUIBONOU COMMUNES ET SOUS PREFECTURES,GBEKE,7
060,"BOUAKE, VILLE",710,277859,114172,41.09,1375,112797,1179,1.05,10,10,GBEKE,BOUAKE VILLE,GBEKE,1
061,"BOUNDA, BROBO ET MAMINI, COMMUNES ET SOUS-PREFECTURES, BOUAKE, SOUS-PREFECTURE",136,29385,11859,40.36,511,11348,143,1.26,11,"10,11",GBEKE,BOUNDA BROBO ET MAMINI COMMUNES ET SOUS PREFECTURES BOUAKE SOUS PREFECTURE,GBEKE,6
062,"DJEBONOUA, COMMUNE ET SOUS-PREFECTURE",53,13760,5286,38.42,173,5113,59,1.15,11,11,GBEKE,DJEBONOUA COMMUNE ET SOUS PREFECTURE,GBEKE,7
063,"AYAOU-SRAN, DIBRI-ASRIKRO, SAKASSOU ET TOUMODI-SAKASSOU, COMMUNES ET SOUS-PREFECTURES",143,38024,11752,30.91,377,11375,163,1.43,11,11,GBEKE,AYAOU SRAN DIBRI ASRIKRO SAKASSOU ET TOUMODI SAKASSOU COMMUNES ET SOUS PREFECTURES,GBEKE,8
064,"DAKPADOU ET SAGO, COMMUNES ET SOUS-PREFECTURES",71,19602,6919,35.3,108,6811,118,1.73,11,11,GBOKLE,DAKPADOU ET SAGO COMMUNES ET SOUS PREFECTURES,GBOKLE,3
065,"GRIHIRI, LOBAKUYA, MEDON ET SASSANDRA, COMMUNES ET SOUS-PREFECTURES",104,29913,7502,25.08,189,7313,61,0.83,11,11,GBOKLE,GRIHIRI LOBAKUYA MEDON ET SASSANDRA COMMUNES ET SOUS PREFECTURES,GBOKLE,5
066,"DAHIRI, FRESCO ET GBAGBAM, COMMUNES ET SOUS-PREFECTURES",82,19869,6546,32.95,155,6391,57,0.89,11,11,GBOKLE,DAHIRI FRESCO ET GBAGBAM COMMUNES ET SOUS PREFECTURES,GBOKLE,6
067,"BAYOTA, DAHIEPA-KEHI, OURAGAHIO ET YOPOHUE, COMMUNES ET SOUS-PREFECTURES",150,42324,10693,25.26,274,10419,166,1.59,12,12,GOH,BAYOTA DAHIEPA KEHI OURAGAHIO ET YOPOHUE COMMUNES ET SOUS PREFECTURES,GOH,17
068,"DIGNAGO, GALEBOUO ET GUIBEROUA, COMMUNES ET SOUS-PREFECTURES",110,30755,8919,29.0,276,8643,87,1.01,12,12,GOH,DIGNAGO GALEBOUO ET GUIBEROUA COMMUNES ET SOUS PREFECTURES,GOH,7
069,"DOUGROUPALEGNOA, DOUKOUYO, GNAGBODOUGNOA ET SERIHIO, COMMUNES ET SOUS-PREFECTURES, GAGNOA, SOUS-PREFECTURE",129,36390,10519,28.91,451,10068,159,1.58,13,13,GOH,DOUGROUPALEGNOA DOUKOUYO GNAGBODOUGNOA ET SERIHIO COMMUNES ET SOUS PREFECTURES GAGNOA SOUS PREFECTURE,GOH,15
070,"GAGNOA, COMMUNE",210,83356,11738,14.08,292,11446,100,0.87,13,13,GOH,GAGNOA COMMUNE,GOH,5
071,"DIEGONEFLA ET TONLA, COMMUNES ET SOUS-PREFECTURES",101,31994,10995,34.37,265,10730,95,0.89,13,13,GOH,DIEGONEFLA ET TONLA COMMUNES ET SOUS PREFECTURES,GOH,6
072,"GUEPAHOUO ET OUME, COMMUNES ET SOUS-PREFECTURES",165,46572,11867,25.48,334,11533,95,0.82,13,13,GOH,GUEPAHOUO ET OUME COMMUNES ET SOUS PREFECTURES,GOH,9
073,"APPIMANDOUM, BONDOUKOU ET PINDA-BOROKO, COMMUNES ET SOUS-PREFECTURES",155,52876,17219,32.56,394,16825,212,1.26,14,14,GOH,APPIMANDOUM BONDOUKOU ET PINDA BOROKO COMMUNES ET SOUS PREFECTURES,GOH,3
074,"BONDO, LAOUDI-BA, SAPLI-SEPINGO, TAOUDI ET YEZIMALA, COMMUNES ET SOUS-PREFECTURES",122,35843,18753,52.32,403,18350,339,1.85,14,14,GOH,BONDO LAOUDI BA SAPLI SEPINGO TAOUDI ET YEZIMALA COMMUNES ET SOUS PREFECTURES,GOH,6
075,"GOUMERE ET TABAGNE, COMMUNES ET SOUS-PREFECTURES",63,17425,9493,54.48,376,9117,124,1.36,14,14,GOH,GOUMERE ET TABAGNE COMMUNES ET SOUS PREFECTURES,GOH,8
076,"SOROBANGO ET TAGADI, COMMUNES ET SOUS-PREFECTURES",52,16336,9847,60.28,162,9685,117,1.21,14,14,GOH,SOROBANGO ET TAGADI COMMUNES ET SOUS PREFECTURES,GOH,6
077,"BOAHIA ET KOUASSI-DATEKRO, COMMUNES ET SOUS-PREFECTURES",52,13065,7563,57.89,195,7368,78,1.06,14,14,GOH,BOAHIA ET KOUASSI DATEKRO COMMUNES ET SOUS PREFECTURES,GOH,5
078,"KOKOMIAN, TANKESSE ET TIENKOIKRO, COMMUNES ET SOUS-PREFECTURES",67,19298,8991,46.59,505,8486,72,0.85,15,15,GONTOUGO,KOKOMIAN TANKESSE ET TIENKOIKRO COMMUNES ET SOUS PREFECTURES,GONTOUGO,10
079,"KOUN-FAO, COMMUNE ET SOUS-PREFECTURE",47,15315,7579,49.49,218,7361,45,0.61,15,15,GONTOUGO,KOUN FAO COMMUNE ET SOUS PREFECTURE,GONTOUGO,5
080,"BANDAKAGNI-TOMORA, DIMANDOUGOU, SANDEGUE ET YOROBODI, COMMUNES ET SOUS-PREFECTURES",63,19968,10862,54.4,37,10825,82,0.76,15,15,GONTOUGO,BANDAKAGNI TOMORA DIMANDOUGOU SANDEGUE ET YOROBODI COMMUNES ET SOUS PREFECTURES,GONTOUGO,3
081,"AMANVI, DIAMBA, TANDA ET TCHEDIO, COMMUNES ET SOUS-PREFECTURES",141,39059,21861,55.97,501,21360,117,0.55,15,15,GONTOUGO,AMANVI DIAMBA TANDA ET TCHEDIO COMMUNES ET SOUS PREFECTURES,GONTOUGO,5
082,"ASSUEFRY, KOUASSIA-NIAGUINI ET TRANSUA, COMMUNES ET SOUS-PREFECTURES",102,30356,15766,51.94,305,15461,118,0.76,15,15,GONTOUGO,ASSUEFRY KOUASSIA NIAGUINI ET TRANSUA COMMUNES ET SOUS PREFECTURES,GONTOUGO,5
083,"DABOU, LOPOU ET TOUPAH, COMMUNES ET SOUS-PREFECTURES",226,82680,18971,22.95,401,18570,170,0.92,16,16,GRANDS PONTS,DABOU LOPOU ET TOUPAH COMMUNES ET SOUS PREFECTURES,GRANDS PONTS,3
084,"AHOUANOU, BACANDA, EBONOU, GRAND-LAHOU ET TOUKOUZOU, COMMUNES ET SOUS-PREFECTURES",145,39303,11713,29.8,289,11424,91,0.8,16,16,GRANDS PONTS,AHOUANOU BACANDA EBONOU GRAND LAHOU ET TOUKOUZOU COMMUNES ET SOUS PREFECTURES,GRANDS PONTS,6
085,"ATOUTOU ET JACQUEVILLE, COMMUNES ET SOUS-PREFECTURES",86,28167,8826,31.33,192,8634,70,0.81,16,16,GRANDS PONTS,ATOUTOU ET JACQUEVILLE COMMUNES ET SOUS PREFECTURES,GRANDS PONTS,7
086,"BANGOLO, GOHOUO-ZAGNA, KAHIN-ZARABAON ET ZOU, COMMUNES ET SOUS-PREFECTURES",114,38004,13853,36.45,257,13596,152,1.12,16,16,GUEMON,BANGOLO GOHOUO ZAGNA KAHIN ZARABAON ET ZOU COMMUNES ET SOUS PREFECTURES,GUEMON,9
087,"BEOUE-ZIBIAO, BLENIMEOUIN, DIEOUZON, GUINGLO-TAHOUAKE ET ZEO, COMMUNES ET SOUS-PREFECTURES",84,24148,9809,40.62,357,9452,198,2.09,16,16,GUEMON,BEOUE ZIBIAO BLENIMEOUIN DIEOUZON GUINGLO TAHOUAKE ET ZEO COMMUNES ET SOUS PREFECTURES,GUEMON,7
088,"BAGOHOUO, GBAPLEU ET GUEZON, COMMUNES ET SOUS-PREFECTURES",84,26419,11837,44.8,202,11635,228,1.96,17,17,GUEMON,BAGOHOUO GBAPLEU ET GUEZON COMMUNES ET SOUS PREFECTURES,GUEMON,6
089,"DUEKOUE, COMMUNE",135,51242,12507,24.41,218,12289,127,1.03,17,17,GUEMON,DUEKOUE COMMUNE,GUEMON,11
090,"DUEKOUE, SOUS-PREFECTURE ET GUEHIEBLY, COMMUNES ET SOUS-PREFECTURE",48,15092,6652,44.08,180,6472,117,1.81,17,17,GUEMON,DUEKOUE SOUS PREFECTURE ET GUEHIEBLY COMMUNES ET SOUS PREFECTURE,GUEMON,3
091,"FACOBLY, GUEZON, KOUA, SEMIEN ET TIENY-SEABLY, COMMUNES ET SOUS-PREFECTURES",86,25531,8572,33.57,189,8383,111,1.32,17,17,GUEMON,FACOBLY GUEZON KOUA SEMIEN ET TIENY SEABLY COMMUNES ET SOUS PREFECTURES,GUEMON,8
092,"KOUIBLY, NIDROU, OUYABLY-GNONDROU ET TOTRODROU, COMMUNES ET SOUS-PREFECTURES",94,30990,10715,34.58,550,10165,117,1.15,17,17,GUEMON,KOUIBLY NIDROU OUYABLY GNONDROU ET TOTRODROU COMMUNES ET SOUS PREFECTURES,GUEMON,8
093,"BASSAWA, SATAMA-SOKORO ET SATAMA-SOKOURA, COMMUNES ET SOUS-PREFECTURES",73,19028,10798,56.75,187,10611,123,1.16,18,18,HAMBOL,BASSAWA SATAMA SOKORO ET SATAMA SOKOURA COMMUNES ET SOUS PREFECTURES,HAMBOL,2
094,"DABAKALA, SOKALA-SOBARA, TENDENE-BAMBARASSO ET YAOSSEDOUGOU, COMMUNES ET SOUS-PREFECTURES",108,28370,16909,59.6,253,16656,174,1.04,18,18,HAMBOL,DABAKALA SOKALA SOBARA TENDENE BAMBARASSO ET YAOSSEDOUGOU COMMUNES ET SOUS PREFECTURES,HAMBOL,3
095,"BONIEREDOUGOU ET FOUMBOLO, COMMUNES ET SOUS-PREFECTURES",82,22014,11652,52.93,295,11357,175,1.54,18,18,HAMBOL,BONIEREDOUGOU ET FOUMBOLO COMMUNES ET SOUS PREFECTURES,HAMBOL,4
096,"FRONAN, KATIOLA ET TIMBE, COMMUNES ET SOUS-PREFECTURES",128,45033,17667,39.23,396,17271,271,1.57,18,18,HAMBOL,FRONAN KATIOLA ET TIMBE COMMUNES ET SOUS PREFECTURES,HAMBOL,3
097,"ARIKOKAHA, NIAKARAMANDOUGOU ET TORTIYA, COMMUNES ET SOUS-PREFECTURES",81,27757,12576,45.31,103,12473,160,1.28,18,18,HAMBOL,ARIKOKAHA NIAKARAMANDOUGOU ET TORTIYA COMMUNES ET SOUS PREFECTURES,HAMBOL,3
098,"BADIKAHA, NIEDEKAHA ET TAFIRE, COMMUNES ET SOUS-PREFECTURES",74,23601,23389,99.1,44,23345,16,0.07,18,18,HAMBOL,BADIKAHA NIEDEKAHA ET TAFIRE COMMUNES ET SOUS PREFECTURES,HAMBOL,1
099,"BEDIALA, GADOUAN ET GONATE, COMMUNES ET SOUS-PREFECTURES",147,41499,12590,30.34,457,12133,146,1.2,18,18,HAUT-SASSANDRA,BEDIALA GADOUAN ET GONATE COMMUNES ET SOUS PREFECTURES,HAUT SASSANDRA,3
100,"DALOA, VILLE ET SOUS-PREFECTURE",358,129515,27394,21.15,401,26993,265,0.98,18,18,HAUT-SASSANDRA,DALOA VILLE ET SOUS PREFECTURE,HAUT SASSANDRA,7
101,"GBOGUHE ET ZAHIBO, COMMUNES ET SOUS-PREFECTURES",103,24051,10915,45.38,256,10659,122,1.14,18,18,HAUT-SASSANDRA,GBOGUHE ET ZAHIBO COMMUNES ET SOUS PREFECTURES,HAUT SASSANDRA,6
102,"BOGUEDIA, ISSIA ET TAPEGUIA, COMMUNES ET SOUS-PREFECTURES",166,52889,13588,25.69,447,13141,130,0.99,18,18,HAUT-SASSANDRA,BOGUEDIA ISSIA ET TAPEGUIA COMMUNES ET SOUS PREFECTURES,HAUT SASSANDRA,5
103,"IBOGUHE ET NAMANE, COMMUNES ET SOUS-PREFECTURES",68,19888,6218,31.27,156,6062,76,1.25,19,19,HAUT-SASSANDRA,IBOGUHE ET NAMANE COMMUNES ET SOUS PREFECTURES,HAUT SASSANDRA,9
104,"NAHIO ET SAIOUA, COMMUNES ET SOUS-PREFECTURES",109,33075,13469,40.72,280,13189,162,1.23,19,19,HAUT-SASSANDRA,NAHIO ET SAIOUA COMMUNES ET SOUS PREFECTURES,HAUT SASSANDRA,6
105,"BAZRA NATILS, DANANON, KETRO-BASSAM ET VAVOUA, COMMUNES ET SOUS-PREFECTURES",139,40972,12481,30.46,430,12051,428,3.55,19,19,HAUT-SASSANDRA,BAZRA NATILS DANANON KETRO BASSAM ET VAVOUA COMMUNES ET SOUS PREFECTURES,HAUT SASSANDRA,9
106,"DANIA, COMMUNE ET SOUS-PREFECTURE",46,12480,5299,42.46,154,5145,107,2.08,19,19,HAUT-SASSANDRA,DANIA COMMUNE ET SOUS PREFECTURE,HAUT SASSANDRA,7
107,"SEITIFLA, COMMUNE ET SOUS-PREFECTURE",42,11109,5174,46.57,183,4991,88,1.76,20,20,HAUT-SASSANDRA,SEITIFLA COMMUNE ET SOUS PREFECTURE,HAUT SASSANDRA,3
108,"DOMANGBEU, GREGBEU, GUESSABO ET ZOUKOUGBEU, COMMUNES ET SOUS-PREFECTURES",92,24325,8062,33.14,171,7891,85,1.08,20,20,HAUT-SASSANDRA,DOMANGBEU GREGBEU GUESSABO ET ZOUKOUGBEU COMMUNES ET SOUS PREFECTURES,HAUT SASSANDRA,4
109,"AKPASSANOU, ANANDA ET OUELLE COMMUNES ET SOUS-PREFECTURES",70,19944,7665,38.43,237,7428,54,0.73,20,20,IFFOU,AKPASSANOU ANANDA ET OUELLE COMMUNES ET SOUS PREFECTURES,IFFOU,5
110,"DAOUKRO ET N'GATTAKRO, COMMUNES ET SOUS-PREFECTURES",111,37825,10860,28.71,436,10424,72,0.69,20,20,IFFOU,DAOUKRO ET N GATTAKRO COMMUNES ET SOUS PREFECTURES,IFFOU,5
111,"E T T R O K R O E T SAMANZA, COMMUNES ET SOUS-P R E F EC T U R E S",44,11430,5639,49.34,315,5324,53,1.0,20,20,IFFOU,E T T R O K R O E T SAMANZA COMMUNES ET SOUS P R E F EC T U R E S,IFFOU,4
112,"BONGUERA, KONDOSSOU ET M'BAHIAKRO, COMMUNES ET SOUS-PREFECTURES",118,31073,14797,47.62,640,14157,198,1.4,20,20,IFFOU,BONGUERA KONDOSSOU ET M BAHIAKRO COMMUNES ET SOUS PREFECTURES,IFFOU,6
113,"ANIANOU, FAMIENKRO, KOFFI-AMONKRO, NAFANA ET PRIKRO, COMMUNESETSOU~PREFECTURES",105,30711,15501,50.47,406,15095,225,1.49,20,20,IFFOU,ANIANOU FAMIENKRO KOFFI AMONKRO NAFANA ET PRIKRO COMMUNESETSOU PREFECTURES,IFFOU,3
114,"ABENGOUROU, COMMUNE",128,48575,11873,24.44,206,11667,48,0.41,20,20,INDENIE-DJUABLIN,ABENGOUROU COMMUNE,INDENIE DJUABLIN,5
115,"ABENGOUROU, SOUS-PREFECTURE, AMELEKIA, ANIANSSUE, EBILASSOKRO, NIABLE, YAKASSE-FEYASSE ET ZARANOU, COMMUNES ET SOUS-PREFECTURES",166,51273,22283,43.46,498,21785,104,0.48,20,20,INDENIE-DJUABLIN,ABENGOUROU SOUS PREFECTURE AMELEKIA ANIANSSUE EBILASSOKRO NIABLE YAKASSE FEYASSE ET ZARANOU COMMUNES ET SOUS PREFECTURES,INDENIE DJUABLIN,2
116,"AGNIBILEKROU, COMMUNE ET SOUS-PREFECTURES",74,28087,11675,41.57,423,11252,77,0.68,21,21,INDENIE-DJUABLIN,AGNIBILEKROU COMMUNE ET SOUS PREFECTURES,INDENIE DJUABLIN,5
117,"AKOBOISSUE ET DAME, DOUFFREBO ET TANGUELAN, COMMUNES ET SOUS-PREFECTURES",67,17960,8130,45.27,470,7660,67,0.87,21,21,INDENIE-DJUABLIN,AKOBOISSUE ET DAME DOUFFREBO ET TANGUELAN COMMUNES ET SOUS PREFECTURES,INDENIE DJUABLIN,5
118,"BETTIE ET DIAMARAKRO, COMMUNES ET SOUS-PREFECTURES",47,14086,5069,35.99,142,4927,30,0.61,21,21,INDENIE-DJUABLIN,BETTIE ET DIAMARAKRO COMMUNES ET SOUS PREFECTURES,INDENIE DJUABLIN,5
119,"GBONGAHA ET SEGUELON, COMMUNES ET SOUS-PREFECTURES",39,11815,8223,69.6,50,8173,104,1.27,21,21,KABADOUGOU,GBONGAHA ET SEGUELON COMMUNES ET SOUS PREFECTURES,KABADOUGOU,3
120,"FENGOLO, MADINANI ET N'GOLOBLASSO, COMMUNES ET SOUS-PREFECTURES",55,17672,11759,66.54,138,11621,149,1.28,21,21,KABADOUGOU,FENGOLO MADINANI ET N GOLOBLASSO COMMUNES ET SOUS PREFECTURES,KABADOUGOU,2
121,"BAKO, BOUGOUSSO ET DIOULATIEDOUGOU, COMMUNES ET SOUS-PREFECTURES",69,18754,13278,70.8,142,13136,158,1.2,21,21,KABADOUGOU,BAKO BOUGOUSSO ET DIOULATIEDOUGOU COMMUNES ET SOUS PREFECTURES,KABADOUGOU,6
122,"GBELEBAN ET SEYDOUGOU, COMMUNES ET SOUS-PREFECTURES",23,7903,4577,57.91,92,4485,75,1.67,21,21,KABADOUGOU,GBELEBAN ET SEYDOUGOU COMMUNES ET SOUS PREFECTURES,KABADOUGOU,7
123,"ODIENNE, COMMUNE",87,32124,32116,99.98,9,32107,0,0.0,21,21,KABADOUGOU,ODIENNE COMMUNE,KABADOUGOU,1
124,"KIMBIRILA-SUD, TIEME, SAMATIGUILA, ET SAMANGO, COMMUNES ET SOUS-PREFECTURES, ODIENNE, SOUS PREFECTURE",87,26474,17165,64.84,244,16921,152,0.9,22,22,KABADOUGOU,KIMBIRILA SUD TIEME SAMATIGUILA ET SAMANGO COMMUNES ET SOUS PREFECTURES ODIENNE SOUS PREFECTURE,KABADOUGOU,6
141,"ADZOPE, COMMUNE",88,34787,12179,35.01,3423,8756,42,0.48,22,22,LA ME,ADZOPE COMMUNE,LA ME,6
142,"AGOU, BECEDI-BRIGNAN ET YAKASSE-ME, COMMUNES ET SOUS-PREFECTURES",86,32407,10322,31.85,270,10052,70,0.7,22,22,LA ME,AGOU BECEDI BRIGNAN ET YAKASSE ME COMMUNES ET SOUS PREFECTURES,LA ME,8
143,"ADZOPE, SOUS-PREFECTURE, ANNEPE ET ASSIKOI, COMMUNES ET SOUS-PREFECTURES",89,33376,12344,36.98,268,12076,97,0.8,22,22,LA ME,ADZOPE SOUS PREFECTURE ANNEPE ET ASSIKOI COMMUNES ET SOUS PREFECTURES,LA ME,5
144,"AFFERY, COMMUNE ET SOUS-PREFECTURE",41,16380,6980,42.61,287,6693,20,0.3,22,22,LA ME,AFFERY COMMUNE ET SOUS PREFECTURE,LA ME,5
145,"AKOUPE ET BECOUEFIN, COMMUNES ET SOUS-PREFECTURES",109,41157,13552,32.93,488,13064,86,0.66,23,23,LA ME,AKOUPE ET BECOUEFIN COMMUNES ET SOUS PREFECTURES,LA ME,8
146,"ABOISSO-COMOE, ALEPE, ALLOSSO, DANGUIRA ET OGHLWAPO, COMMUNES ET SOUS-PREFECTURES",156,54427,13996,25.72,349,13647,97,0.71,23,23,LA ME,ABOISSO COMOE ALEPE ALLOSSO DANGUIRA ET OGHLWAPO COMMUNES ET SOUS PREFECTURES,LA ME,6
147,"ABONGOUA, BIEBY ET YAKASSE-ATTOBROU, COMMUNES ET SOUS-PREFECTURES",69,27218,10647,39.12,622,10025,78,0.78,23,23,LA ME,ABONGOUA BIEBY ET YAKASSE ATTOBROU COMMUNES ET SOUS PREFECTURES,LA ME,4
125,"CHIEPO, DIDOKO, NEBO ET OGOUDOU, COMMUNES ET SOUS-PREFECTURES, DIVO, SOUS-PREFECTURE",176,47838,14471,30.25,544,13927,174,1.25,23,23,LOH-DJIBOUA,CHIEPO DIDOKO NEBO ET OGOUDOU COMMUNES ET SOUS PREFECTURES DIVO SOUS PREFECTURE,LOH DJIBOUA,3
126,"DIVO, COMMUNE",201,80222,28025,34.93,528,27497,141,0.51,23,23,LOH-DJIBOUA,DIVO COMMUNE,LOH DJIBOUA,7
127,"HIRE ET ZEGO, COMMUNES ET SOUS-PREFECTURES",80,28375,7714,27.19,249,7465,88,1.18,23,23,LOH-DJIBOUA,HIRE ET ZEGO COMMUNES ET SOUS PREFECTURES,LOH DJIBOUA,9
128,"DAIRO-DIDIZO ET GUITRY, COMMUNES ET SOUS-PREFECTURES",118,30986,13544,43.71,276,13268,160,1.21,24,24,LOH-DJIBOUA,DAIRO DIDIZO ET GUITRY COMMUNES ET SOUS PREFECTURES,LOH DJIBOUA,4
129,"LAUZOUA ET YOCOBOUE, COMMUNES ET SOUS-PREFECTURES",50,12142,5036,41.48,139,4897,91,1.86,24,24,LOH-DJIBOUA,LAUZOUA ET YOCOBOUE COMMUNES ET SOUS PREFECTURES,LOH DJIBOUA,2
130,"DJIDJI, GAGORE ET ZIKISSO, COMMUNES ET SOUS-PREFECTURES",45,13640,4476,32.82,156,4320,58,1.34,24,24,LOH-DJIBOUA,DJIDJI GAGORE ET ZIKISSO COMMUNES ET SOUS PREFECTURES,LOH DJIBOUA,5
131,"GOUDOUKO ET NIAMBEZARIA, COMMUNES ET SOUS-PREFECTURES",68,18404,6693,36.37,242,6451,74,1.15,24,24,LOH-DJIBOUA,GOUDOUKO ET NIAMBEZARIA COMMUNES ET SOUS PREFECTURES,LOH DJIBOUA,6
132,"LAKOTA, COMMUNE ET SOUS-PREFECTURE",118,38754,8724,22.51,250,8474,70,0.83,24,24,LOH-DJIBOUA,LAKOTA COMMUNE ET SOUS PREFECTURE,LOH DJIBOUA,7
133,"BEGBESSOU, N'DOUFFOUKANKRO ET TIBEITA, COMMUNES ET SOUS-PREFECTURES, BOUAFLE, SOUS-PREFECTURE",133,36006,10954,30.42,348,10606,187,1.76,25,25,MARAHOUE,BEGBESSOU N DOUFFOUKANKRO ET TIBEITA COMMUNES ET SOUS PREFECTURES BOUAFLE SOUS PREFECTURE,MARAHOUE,5
134,"BOUAFLE, COMMUNE",113,43844,12123,27.65,180,11943,90,0.75,25,25,MARAHOUE,BOUAFLE COMMUNE,MARAHOUE,12
135,"BONON ET ZAGUIETA, COMMUNES ET SOUS-PREFECTURES",112,35059,8815,25.14,175,8640,109,1.26,25,25,MARAHOUE,BONON ET ZAGUIETA COMMUNES ET SOUS PREFECTURES,MARAHOUE,4
136,"BAZRE ET KONONFLA, COMMUNES ET SOUS-PREFECTURES",82,20818,6995,33.6,167,6828,59,0.86,25,25,MARAHOUE,BAZRE ET KONONFLA COMMUNES ET SOUS PREFECTURES,MARAHOUE,13
137,"KOUETINFLA ET SINFRA, COMMUNES ET SOUS-PREFECTURES",147,48502,14650,30.2,350,14300,106,0.74,26,26,MARAHOUE,KOUETINFLA ET SINFRA COMMUNES ET SOUS PREFECTURES,MARAHOUE,12
138,"GOHITAFLA, IRIEFLA, MAMINIGUI, COMMUNES ET SOUS-PREFECTURES",69,22447,6845,30.49,119,6726,94,1.4,26,26,MARAHOUE,GOHITAFLA IRIEFLA MAMINIGUI COMMUNES ET SOUS PREFECTURES,MARAHOUE,9
139,"KANZRA, VOUEBOUFLA, ZANZRA, COMMUNES ET SOUS-PREFECTURES, ZUENOULA, SOUS-PREFECTURE",88,23114,7950,34.39,251,7699,162,2.1,26,26,MARAHOUE,KANZRA VOUEBOUFLA ZANZRA COMMUNES ET SOUS PREFECTURES ZUENOULA SOUS PREFECTURE,MARAHOUE,9
140,"ZUENOULA, COMMUNE",48,18540,5342,28.81,126,5216,53,1.02,27,27,MARAHOUE,ZUENOULA COMMUNE,MARAHOUE,8
154,"ARRAH, KOTOBI ET KREGBE, COMMUNES ET SOUS-PREFECTURES",95,34560,14012,40.54,424,13588,122,0.9,27,27,MORONOU,ARRAH KOTOBI ET KREGBE COMMUNES ET SOUS PREFECTURES,MORONOU,4
157,"BONGOUANOU, COMMUNE",68,24670,7232,29.31,246,6986,54,0.77,27,27,MORONOU,BONGOUANOU COMMUNE,MORONOU,10
158,"ANDE, ASSIE-KOUMASSI ET N'GUESSANKRO, COMMUNES ET SOUS-PREFECTURES ET BONGOUANOU SOUS-PREFECTURE",92,34019,10414,30.61,439,9975,110,1.1,27,27,MORONOU,ANDE ASSIE KOUMASSI ET N GUESSANKRO COMMUNES ET SOUS PREFECTURES ET BONGOUANOU SOUS PREFECTURE,MORONOU,11
161,"ANOUMABA ET TIEMELEKRO, COMMUNES ET SOUS-PREFECTURES",65,19083,8372,43.87,317,8055,80,0.99,28,28,MORONOU,ANOUMABA ET TIEMELEKRO COMMUNES ET SOUS PREFECTURES,MORONOU,5
162,"ASSAHARA ET M'BATTO, COMMUNES ET SOUS-PREFECTURES",83,27427,9770,35.62,446,9324,59,0.63,28,28,MORONOU,ASSAHARA ET M BATTO COMMUNES ET SOUS PREFECTURES,MORONOU,8
148,"DABOUYO ET GUEYO, COMMUNES ET SOUS-PREFECTURES",73,19218,5564,28.95,202,5362,50,0.93,28,28,NAWA,DABOUYO ET GUEYO COMMUNES ET SOUS PREFECTURES,NAWA,8
149,"BUYO ET DAPEOUA, COMMUNES ET SOUS-PREFECTURES",115,27640,6852,24.79,323,6529,99,1.52,28,28,NAWA,BUYO ET DAPEOUA COMMUNES ET SOUS PREFECTURES,NAWA,3
150,"GNAMANGUI, MEAGUI ET OUPOYO, COMMUNES ET SOUS-PREFECTURES",214,57090,12968,22.72,671,12297,136,1.11,28,28,NAWA,GNAMANGUI MEAGUI ET OUPOYO COMMUNES ET SOUS PREFECTURES,NAWA,4
151,"GRAND-ZATIRY, COMMUNES ET SOUS-PREFECTURE",70,19273,6190,32.12,244,5946,49,0.82,28,28,NAWA,GRAND ZATIRY COMMUNES ET SOUS PREFECTURE,NAWA,8
152,"LILIYO ET OKROUYO, COMMUNES ET SOUS-PREFECTURES",145,34787,9285,26.69,409,8876,117,1.32,29,29,NAWA,LILIYO ET OKROUYO COMMUNES ET SOUS PREFECTURES,NAWA,7
153,"SOUBRE, COMMUNES ET SOUS-PREFECTURE",160,53618,9246,17.24,301,8945,79,0.88,29,29,NAWA,SOUBRE COMMUNES ET SOUS PREFECTURE,NAWA,7
155,"BENGASSOU, BOCANDA, KOUADIOBLEKRO ET N'ZECREZESSOU, COMMUNES ET SOUS-PREFECTURES",157,44988,18242,40.55,791,17451,252,1.44,29,29,N'ZI,BENGASSOU BOCANDA KOUADIOBLEKRO ET N ZECREZESSOU COMMUNES ET SOUS PREFECTURES,N ZI,5
156,"KOUASSI-KOUASSIKRO, COMMUNES ET SOUS-PREFECTURE",46,13333,5319,39.89,227,5092,70,1.37,29,29,N'ZI,KOUASSI KOUASSIKRO COMMUNES ET SOUS PREFECTURE,N ZI,6
159,"ABIGUI, DIANGOKRO ET NOFOU, COMMUNES ET SOUS-PREFECTURES",50,13202,5902,44.71,216,5686,53,0.93,29,29,N'ZI,ABIGUI DIANGOKRO ET NOFOU COMMUNES ET SOUS PREFECTURES,N ZI,6
160,"DIMBOKRO, COMMUNE ET SOUS-PREFECTURE",99,36237,10564,29.15,401,10163,64,0.63,29,29,N'ZI,DIMBOKRO COMMUNE ET SOUS PREFECTURE,N ZI,5
163,"BORON, DIKODOUGOU ET GUIEMBE, COMMUNES ET SOUS-PREFECTURES",103,28727,13999,48.73,246,13753,363,2.64,30,30,PORO,BORON DIKODOUGOU ET GUIEMBE COMMUNES ET SOUS PREFECTURES,PORO,4
164,"BOUGOU, KATOGO ET M'BENGUE, COMMUNES ET SOUS-PREFECTURES",102,32495,20095,61.84,218,19877,640,3.22,30,30,PORO,BOUGOU KATOGO ET M BENGUE COMMUNES ET SOUS PREFECTURES,PORO,3
165,"KATIALI ET NIOFOIN, COMMUNES ET SOUS-PREFECTURES",61,16977,11753,69.23,267,11486,225,1.96,30,30,PORO,KATIALI ET NIOFOIN COMMUNES ET SOUS PREFECTURES,PORO,2
166,"DASSOUNGBOHO ET TIORONIARADOUGOU, COMMUNES ET SOUS-PREFECTURES",44,14548,7943,54.6,153,7790,179,2.3,30,30,PORO,DASSOUNGBOHO ET TIORONIARADOUGOU COMMUNES ET SOUS PREFECTURES,PORO,3
167,"KARAKORO ET KOMBORODOUGOU, COMMUNES ET SOUS-PREFECTURES",76,19557,11288,57.72,151,11137,118,1.06,30,30,PORO,KARAKORO ET KOMBORODOUGOU COMMUNES ET SOUS PREFECTURES,PORO,2
168,"KANOROBA, NAFOUN ET SIRASSO, COMMUNES ET SOUS-PREFECTURES",66,21203,12611,59.48,205,12406,337,2.72,30,30,PORO,KANOROBA NAFOUN ET SIRASSO COMMUNES ET SOUS PREFECTURES,PORO,3
169,"KIEMOU ET NAPIE, COMMUNES ET SOUS-PREFECTURES",73,21396,9378,43.83,135,9243,168,1.82,30,30,PORO,KIEMOU ET NAPIE COMMUNES ET SOUS PREFECTURES,PORO,3
170,"KOMBOLOKOURA, KONI ET LATAHA, COMMUNES ET SOUS-PREFECTURES, KORHOGO SOUS-PREFECTURE",106,34511,32994,95.6,12,32982,1,0.0,30,30,PORO,KOMBOLOKOURA KONI ET LATAHA COMMUNES ET SOUS PREFECTURES KORHOGO SOUS PREFECTURE,PORO,1
171,"KORHOGO, VILLE",371,149223,142250,95.33,258,141992,108,0.08,30,30,PORO,KORHOGO VILLE,PORO,1
172,"KAGBOLODOUGOU, SEDIOGO ET SINEMATIALI, COMMUNES ET SOUS-PREFECTURES",93,30231,29595,97.9,68,29527,13,0.04,30,30,PORO,KAGBOLODOUGOU SEDIOGO ET SINEMATIALI COMMUNES ET SOUS PREFECTURES,PORO,1
173,"DOBA ET GABIADJI, COMMUNES ET SOUS-PREFECTURES, SAN PEDRO, SOUS-PREFECTURE",166,46381,11310,24.38,498,10812,130,1.2,30,30,SAN-PEDRO,DOBA ET GABIADJI COMMUNES ET SOUS PREFECTURES SAN PEDRO SOUS PREFECTURE,SAN PEDRO,7
174,"DOGBO ET GRAND-BEREBY, COMMUNES ET SOUS-PREFECTURES",102,28569,7631,26.71,191,7440,49,0.66,30,30,SAN-PEDRO,DOGBO ET GRAND BEREBY COMMUNES ET SOUS PREFECTURES,SAN PEDRO,4
175,"SAN PEDRO, COMMUNE",250,93355,24880,26.65,576,24304,146,0.6,31,31,SAN-PEDRO,SAN PEDRO COMMUNE,SAN PEDRO,9
176,"DAPO-IBOKE, DJAMANDIOKE, OLODIO ET TABOU, COMMUNES ET SOUS-PREFECTURES",99,25383,8058,31.75,280,7778,81,1.04,31,31,SAN-PEDRO,DAPO IBOKE DJAMANDIOKE OLODIO ET TABOU COMMUNES ET SOUS PREFECTURES,SAN PEDRO,6
177,"DJOUROUTOU ET GRABO, COMMUNES ET SOUS-PREFECTURES",66,18068,4503,24.92,138,4365,56,1.28,31,31,SAN-PEDRO,DJOUROUTOU ET GRABO COMMUNES ET SOUS PREFECTURES,SAN PEDRO,4
178,"ABOISSO, COMMUNE",102,42232,11168,26.44,246,10922,49,0.45,31,31,SUD-COMOE,ABOISSO COMMUNE,SUD COMOE,5
179,"ABOISSO, SOUS-PREFECTURE, ADAOU, ADJOUAN, KOUAKRO ET MAFERE, COMMUNES ET SOUS-PREFECTURES",141,46549,17283,37.13,317,16966,99,0.58,31,31,SUD-COMOE,ABOISSO SOUS PREFECTURE ADAOU ADJOUAN KOUAKRO ET MAFERE COMMUNES ET SOUS PREFECTURES,SUD COMOE,4
180,"AYAME, BIANOUAN ET YAOU, COMMUNES ET SOUS-PREFECTURES",62,20423,8734,42.77,500,8234,51,0.62,31,31,SUD-COMOE,AYAME BIANOUAN ET YAOU COMMUNES ET SOUS PREFECTURES,SUD COMOE,4
181,"ADIAKE, ASSINIE-MAFIA ET ETUEBOUE, COMMUNES ET SOUS-PREFECTURES",94,32509,14212,43.72,327,13885,46,0.33,31,31,SUD-COMOE,ADIAKE ASSINIE MAFIA ET ETUEBOUE COMMUNES ET SOUS PREFECTURES,SUD COMOE,5
182,"BONGO ET BONOUA, COMMUNES ET SOUS-PREFECTURES",152,56912,12764,22.43,325,12439,50,0.4,32,"31,32",SUD-COMOE,BONGO ET BONOUA COMMUNES ET SOUS PREFECTURES,SUD COMOE,8
183,"GRAND-BASSAM, COMMUNE ET SOUS-PREFECTURE",155,62844,9830,15.64,113,9717,93,0.96,32,32,SUD-COMOE,GRAND BASSAM COMMUNE ET SOUS PREFECTURE,SUD COMOE,7
184,"NOE, NOUAMOU ET TIAPOUM, COMMUNES ET SOUS-PREFECTURES",62,17411,8000,45.95,261,7739,42,0.54,32,32,SUD-COMOE,NOE NOUAMOU ET TIAPOUM COMMUNES ET SOUS PREFECTURES,SUD COMOE,6
185,"BILIMONO, KONG ET SIKOLO, COMMUNES ET SOUS-PREFECTURES",103,25546,23651,92.58,26,23625,11,0.05,32,32,TCHOLOGO,BILIMONO KONG ET SIKOLO COMMUNES ET SOUS PREFECTURES,TCHOLOGO,1
186,"FERKESSEDOUGOU, COMMUNE",84,33780,12675,37.52,239,12436,80,0.64,32,32,TCHOLOGO,FERKESSEDOUGOU COMMUNE,TCHOLOGO,2
187,"FERKESSEDOUGOU, SOUS PREFECTURE, KOUMBALA ET TOGONIERE, COMMUNES ET SOUS-PREFECTURES",106,31066,26516,85.35,91,26425,82,0.31,32,32,TCHOLOGO,FERKESSEDOUGOU SOUS PREFECTURE KOUMBALA ET TOGONIERE COMMUNES ET SOUS PREFECTURES,TCHOLOGO,1
188,"DIAWALA, NIELLE, ET TOUMOUKRO, COMMUNES ET SOUS-PREFECTURES",131,43211,40576,93.9,83,40493,87,0.21,32,32,TCHOLOGO,DIAWALA NIELLE ET TOUMOUKRO COMMUNES ET SOUS PREFECTURES,TCHOLOGO,1
189,"KAOUARA ET OUANGOLODOUGOU, COMMUNES ET SOUS-PREFECTURES",78,27287,19350,70.91,163,19187,141,0.73,32,32,TCHOLOGO,KAOUARA ET OUANGOLODOUGOU COMMUNES ET SOUS PREFECTURES,TCHOLOGO,1
190,"BIANKOUMA, BLAPLEU, KPATA ET SANTA, COMMUNES ET SOUS-PREFECTURES",113,37201,14810,39.81,113,14697,150,1.02,32,32,TONKPI,BIANKOUMA BLAPLEU KPATA ET SANTA COMMUNES ET SOUS PREFECTURES,TONKPI,3
191,"GBANGBEGOUINE, GBONNE ET GOUINE, COMMUNES ET SOUS-PREFECTURES",60,15101,7589,50.25,239,7350,94,1.28,32,32,TONKPI,GBANGBEGOUINE GBONNE ET GOUINE COMMUNES ET SOUS PREFECTURES,TONKPI,7
192,"SIPILOU ET YORODOUGOU, COMMUNES ET SOUS-PREFECTURES",47,14298,6588,46.08,84,6504,88,1.35,33,33,TONKPI,SIPILOU ET YORODOUGOU COMMUNES ET SOUS PREFECTURES,TONKPI,7
193,"DALEU, DANANE, GBON-HOUYE, KOUAN-HOULE ET SEILEU, COMMUNES ET SOUS-PREFECTURES",240,64623,18599,28.78,715,17884,207,1.16,33,33,TONKPI,DALEU DANANE GBON HOUYE KOUAN HOULE ET SEILEU COMMUNES ET SOUS PREFECTURES,TONKPI,8
194,"MAHAPLEU ET ZONNEU, COMMUNES ET SOUS-PREFECTURES",80,22392,8583,38.33,457,8126,108,1.33,33,33,TONKPI,MAHAPLEU ET ZONNEU COMMUNES ET SOUS PREFECTURES,TONKPI,8
195,"BOGOUINE, LOGOUALE, YAPLEU ET ZIOGOUINE, COMMUNES ET SOUS-PREFECTURES",66,20102,8315,41.36,331,7984,78,0.98,33,33,TONKPI,BOGOUINE LOGOUALE YAPLEU ET ZIOGOUINE COMMUNES ET SOUS PREFECTURES,TONKPI,9
196,"FAGNAMPLEU, GBANGBEGOUINE-YATI, PODIAGOUINE, SANDOUGOU-SOBA, SANGOUINE ET ZAGOUE, COMMUNES ET SOUS-PREFECTURES, MAN, SOUS-PREFECTURE",132,39659,17734,44.72,738,16996,243,1.43,34,34,TONKPI,FAGNAMPLEU GBANGBEGOUINE YATI PODIAGOUINE SANDOUGOU SOBA SANGOUINE ET ZAGOUE COMMUNES ET SOUS PREFECTURES MAN SOUS PREFECTURE,TONKPI,9
197,"MAN, COMMUNE",172,64408,22399,34.78,446,21953,128,0.58,34,34,TONKPI,MAN COMMUNE,TONKPI,3
198,"BANNEU, TEAPLEU, YELLEU ET ZOUAN-HOUNIEN, COMMUNES ET SOUS-PREFECTURES",160,48980,13295,27.14,318,12977,164,1.26,34,34,TONKPI,BANNEU TEAPLEU YELLEU ET ZOUAN HOUNIEN COMMUNES ET SOUS PREFECTURES,TONKPI,4
199,"BIN-HOUYE ET GOULALEU, COMMUNES ET SOUS-PREFECTURES",59,15441,7970,51.62,507,7463,80,1.07,34,34,TONKPI,BIN HOUYE ET GOULALEU COMMUNES ET SOUS PREFECTURES,TONKPI,5
200,"DJIBROSSO, FADIADOUGOU ET MORONDO, COMMUNES ET SOUS-PREFECTURES",66,20380,13373,65.62,90,13283,208,1.57,34,34,WORODOUGOU,DJIBROSSO FADIADOUGOU ET MORONDO COMMUNES ET SOUS PREFECTURES,WORODOUGOU,2
201,"KANI, COMMUNE ET SOUS-PREFECTURE",41,13143,7621,57.99,143,7478,115,1.54,34,34,WORODOUGOU,KANI COMMUNE ET SOUS PREFECTURE,WORODOUGOU,4
202,"B O BI -D I A R A B A N A, C O M M U N E E T SOUS-PREFECTURE, S EG U E L A, S O U S -P R EF E C T U R E",60,16811,9578,56.97,69,9509,114,1.2,34,34,WORODOUGOU,B O BI D I A R A B A N A C O M M U N E E T SOUS PREFECTURE S EG U E L A S O U S P R EF E C T U R E,WORODOUGOU,3
203,"SEGUELA, COMMUNE",55,20148,7201,35.74,80,7121,171,2.4,34,34,WORODOUGOU,SEGUELA COMMUNE,WORODOUGOU,6
204,"DUALLA ET MASSALA, COMMUNES ET SOUS-PREFECTURES",48,12876,7334,56.96,85,7249,56,0.77,35,35,WORODOUGOU,DUALLA ET MASSALA COMMUNES ET SOUS PREFECTURES,WORODOUGOU,5
205,"KAMALO, SIFIE ET WOROFLA, COMMUNES ET SOUS-PREFECTURES",74,19878,12803,64.41,131,12672,164,1.29,35,35,WORODOUGOU,KAMALO SIFIE ET WOROFLA COMMUNES ET SOUS PREFECTURES,WORODOUGOU,5
